2000,1,1,18262,94.0,94.0,3.5,0,111.0,111.0,4.8,0,130.0,130.0,7.2,0,129.0,129.0,6.2,0,308.0,308.0,6.5,0
2000,1,2,18263,98.0,98.0,3.5,0,113.0,113.0,4.8,0,133.0,133.0,7.2,0,131.0,131.0,6.2,0,306.0,306.0,6.5,0
2000,1,3,18264,97.0,97.0,3.5,0,114.0,114.0,4.8,0,133.2,133.2,7.2,0,133.0,133.0,6.2,0,310.0,310.0,6.5,0
2000,1,4,18265,100.0,100.0,3.5,0,114.0,114.0,4.8,0,134.9,134.9,7.2,0,131.0,131.0,6.2,0,306.0,306.0,6.4,0
2000,1,5,18266,101.0,101.0,3.5,0,116.0,116.0,4.7,0,136.6,136.6,7.1,0,133.0,133.0,6.1,0,312.0,312.0,6.4,0
2000,1,6,18267,104.0,104.0,3.5,0,120.0,120.0,4.7,0,144.9,144.9,7.1,0,136.0,136.0,6.1,0,318.0,318.0,6.4,0
2000,1,7,18268,106.0,106.0,3.5,0,125.0,125.0,4.7,0,149.9,149.9,7.1,0,143.0,143.0,6.1,0,326.0,326.0,6.4,0
2000,1,8,18269,111.0,111.0,3.5,0,129.0,129.0,4.7,0,154.8,154.8,7.1,0,147.0,147.0,6.1,0,329.0,329.0,6.4,0
2000,1,9,18270,114.0,114.0,3.5,0,130.0,130.0,4.7,0,160.7,160.7,7.1,0,149.0,149.0,6.1,0,324.0,324.0,6.4,0
2000,1,10,18271,115.0,115.0,3.5,0,133.0,133.0,4.7,0,163.3,163.3,7.1,0,152.0,152.0,6.1,0,326.0,326.0,6.4,0
2000,1,11,18272,120.0,120.0,3.5,0,143.0,143.0,4.7,0,177.8,177.8,7.1,0,161.0,161.0,6.1,0,330.0,330.0,6.4,0
2000,1,12,18273,123.0,123.0,3.5,0,153.0,153.0,4.7,0,195.9,195.9,7.1,0,173.0,173.0,6.1,0,339.0,339.0,6.4,0
2000,1,13,18274,135.0,135.0,3.5,0,165.0,165.0,4.7,0,202.2,202.2,7.1,0,187.0,187.0,6.1,0,345.0,345.0,6.4,0
2000,1,14,18275,131.0,131.0,3.5,0,168.0,168.0,4.7,0,201.4,201.4,7.1,0,186.0,186.0,6.1,0,344.0,344.0,6.4,0
2000,1,15,18276,135.0,135.0,3.5,0,176.0,176.0,4.8,0,210.9,210.9,7.2,0,198.0,198.0,6.1,0,343.0,343.0,6.4,0
2000,1,16,18277,137.0,137.0,3.5,0,180.0,180.0,4.8,0,207.9,207.9,7.2,0,201.0,201.0,6.2,0,342.0,342.0,6.4,0
2000,1,17,18278,137.0,137.0,3.6,0,178.0,178.0,4.8,0,196.6,196.6,7.2,0,194.0,194.0,6.2,0,346.0,346.0,6.4,0
2000,1,18,18279,127.0,127.0,3.6,0,165.0,165.0,4.8,0,194.8,194.8,7.2,0,174.0,174.0,6.2,0,333.0,333.0,6.4,0
2000,1,19,18280,129.0,129.0,3.6,0,164.0,164.0,4.8,0,178.7,178.7,7.2,0,171.0,171.0,6.2,0,334.0,334.0,6.4,0
2000,1,20,18281,112.0,112.0,3.6,0,149.0,149.0,4.8,0,170.8,170.8,7.2,0,158.0,158.0,6.2,0,325.0,325.0,6.4,0
2000,1,21,18282,113.0,113.0,3.6,0,144.0,144.0,4.8,0,159.4,159.4,7.2,0,160.0,160.0,6.2,0,338.0,338.0,6.4,0
2000,1,22,18283,104.0,104.0,3.6,0,132.0,132.0,4.8,0,150.6,150.6,7.2,0,147.0,147.0,6.2,0,325.0,325.0,6.4,0
2000,1,23,18284,99.0,99.0,3.5,0,124.0,124.0,4.8,0,140.6,140.6,7.2,0,140.0,140.0,6.1,0,322.0,322.0,6.4,0
2000,1,24,18285,96.0,96.0,3.5,0,116.0,116.0,4.8,0,140.8,140.8,7.2,0,134.0,134.0,6.1,0,323.0,323.0,6.4,0
2000,1,25,18286,94.0,94.0,3.5,0,116.0,116.0,4.8,0,137.4,137.4,7.1,0,134.0,134.0,6.1,0,312.0,312.0,6.4,0
2000,1,26,18287,95.0,95.0,3.5,0,114.0,114.0,4.8,0,140.8,140.8,7.1,0,137.0,137.0,6.1,0,314.0,314.0,6.3,0
2000,1,27,18288,95.0,95.0,3.5,0,112.0,112.0,4.7,0,132.5,132.5,7.1,0,135.0,135.0,6.0,0,314.0,314.0,6.3,0
2000,1,28,18289,91.0,91.0,3.5,0,108.0,108.0,4.7,0,126.1,126.1,7.1,0,130.0,130.0,6.0,0,302.0,302.0,6.3,0
2000,1,29,18290,93.0,93.0,3.5,0,108.0,108.0,4.7,0,127.8,127.8,7.0,0,129.0,129.0,6.0,0,309.0,309.0,6.3,0
2000,1,30,18291,92.0,92.0,3.5,0,105.0,105.0,4.7,0,132.7,132.7,7.0,0,124.0,124.0,6.0,0,307.0,307.0,6.2,0
2000,1,31,18292,98.0,98.0,3.5,0,110.0,110.0,4.7,0,138.7,138.7,7.0,0,127.0,127.0,5.9,0,302.0,302.0,6.2,0
2000,2,1,18293,101.0,101.0,3.5,0,118.0,118.0,4.7,0,138.2,138.2,7.0,0,135.0,135.0,5.9,0,306.0,306.0,6.2,0
2000,2,2,18294,102.0,102.0,3.5,0,118.0,118.0,4.6,0,144.4,144.4,6.9,0,136.0,136.0,5.9,0,309.0,309.0,6.2,0
2000,2,3,18295,107.0,107.0,3.5,0,123.0,123.0,4.6,0,154.2,154.2,6.9,0,141.0,141.0,5.9,0,315.0,315.0,6.2,0
2000,2,4,18296,112.0,112.0,3.5,0,130.0,130.0,4.6,0,167.5,167.5,6.9,0,147.0,147.0,5.9,0,317.0,317.0,6.2,0
2000,2,5,18297,115.0,115.0,3.5,0,135.0,135.0,4.6,0,167.9,167.9,6.9,0,151.0,151.0,5.9,0,324.0,324.0,6.2,0
2000,2,6,18298,121.0,121.0,3.5,0,144.0,144.0,4.6,0,177.8,177.8,6.9,0,157.0,157.0,5.9,0,331.0,331.0,6.1,0
2000,2,7,18299,128.0,128.0,3.5,0,152.0,152.0,4.6,0,182.1,182.1,6.9,0,169.0,169.0,5.9,0,335.0,335.0,6.2,0
2000,2,8,18300,128.0,128.0,3.5,0,154.0,154.0,4.6,0,173.8,173.8,6.9,0,169.0,169.0,5.9,0,336.0,336.0,6.2,0
2000,2,9,18301,125.0,125.0,3.5,0,152.0,152.0,4.6,0,199.1,199.1,7.0,0,170.0,170.0,5.9,0,339.0,339.0,6.2,0
2000,2,10,18302,131.0,131.0,3.5,0,151.0,151.0,4.6,0,175.8,175.8,7.0,0,173.0,173.0,5.9,0,343.0,343.0,6.2,0
2000,2,11,18303,126.0,126.0,3.5,0,147.0,147.0,4.6,0,170.3,170.3,7.0,0,163.0,163.0,5.9,0,336.0,336.0,6.2,0
2000,2,12,18304,124.0,124.0,3.5,0,144.0,144.0,4.7,0,163.4,163.4,7.0,0,158.0,158.0,5.9,0,330.0,330.0,6.2,0
2000,2,13,18305,120.0,120.0,3.5,0,141.0,141.0,4.7,0,160.0,160.0,7.0,0,152.0,152.0,5.9,0,320.0,320.0,6.2,0
2000,2,14,18306,117.0,117.0,3.5,0,137.0,137.0,4.7,0,158.7,158.7,7.0,0,151.0,151.0,5.9,0,320.0,320.0,6.2,0
2000,2,15,18307,115.0,115.0,3.5,0,134.0,134.0,4.6,0,156.1,156.1,6.9,0,146.0,146.0,5.8,0,312.0,312.0,6.1,0
2000,2,16,18308,108.0,108.0,3.5,0,130.0,130.0,4.6,0,160.2,160.2,6.9,0,147.0,147.0,5.8,0,313.0,313.0,6.1,0
2000,2,17,18309,107.0,107.0,3.5,0,131.0,131.0,4.6,0,168.5,168.5,6.9,0,151.0,151.0,5.8,0,322.0,322.0,6.1,0
2000,2,18,18310,102.0,102.0,3.5,0,122.0,122.0,4.6,0,141.1,141.1,6.9,0,143.0,143.0,5.8,0,306.0,306.0,6.1,0
2000,2,19,18311,97.0,97.0,3.5,0,117.0,117.0,4.6,0,144.9,144.9,6.9,0,137.0,137.0,5.8,0,306.0,306.0,6.1,0
2000,2,20,18312,102.0,102.0,3.5,0,120.0,120.0,4.6,0,153.4,153.4,6.9,0,148.0,148.0,5.8,0,322.0,322.0,6.1,0
2000,2,21,18313,99.0,99.0,3.5,0,123.0,123.0,4.6,0,152.1,152.1,6.9,0,151.0,151.0,5.8,0,314.0,314.0,6.0,0
2000,2,22,18314,98.0,98.0,3.5,0,126.0,126.0,4.6,0,172.4,172.4,6.9,0,153.0,153.0,5.8,0,317.0,317.0,6.0,0
2000,2,23,18315,106.0,106.0,3.5,0,142.0,142.0,4.6,0,185.2,185.2,6.9,0,174.0,174.0,5.8,0,337.0,337.0,6.0,0
2000,2,24,18316,109.0,109.0,3.5,0,153.0,153.0,4.6,0,192.3,192.3,6.9,0,185.0,185.0,5.8,0,350.0,350.0,6.1,0
2000,2,25,18317,112.0,112.0,3.5,0,156.0,156.0,4.6,0,210.5,210.5,6.9,0,191.0,191.0,5.8,0,343.0,343.0,6.1,0
2000,2,26,18318,119.0,119.0,3.5,0,165.0,165.0,4.6,0,214.9,214.9,7.0,0,204.0,204.0,5.8,0,356.0,356.0,6.1,0
2000,2,27,18319,129.0,129.0,3.5,0,179.0,179.0,4.6,0,227.4,227.4,7.0,0,218.0,218.0,5.9,0,377.0,377.0,6.1,0
2000,2,28,18320,126.0,126.0,3.5,0,174.0,174.0,4.6,0,218.9,218.9,7.0,0,215.0,215.0,5.9,0,371.0,371.0,6.2,0
2000,2,29,18321,132.0,132.0,3.5,0,176.0,176.0,4.7,0,219.2,219.2,7.1,0,219.0,219.0,6.0,0,367.0,367.0,6.2,0
2000,3,1,18322,133.0,133.0,3.5,0,176.0,176.0,4.7,0,232.9,232.9,7.1,0,219.0,219.0,6.0,0,376.0,376.0,6.2,0
2000,3,2,18323,135.0,135.0,3.5,0,176.0,176.0,4.7,0,213.4,213.4,7.1,0,219.0,219.0,6.0,0,379.0,379.0,6.3,0
2000,3,3,18324,131.0,131.0,3.5,0,170.0,170.0,4.7,0,203.9,203.9,7.2,0,211.0,211.0,6.0,0,381.0,381.0,6.3,0
2000,3,4,18325,128.0,128.0,3.5,0,163.0,163.0,4.7,0,200.3,200.3,7.2,0,197.0,197.0,6.1,0,366.0,366.0,6.4,0
2000,3,5,18326,134.0,134.0,3.5,0,167.0,167.0,4.7,0,220.3,220.3,7.2,0,195.0,195.0,6.1,0,360.0,360.0,6.4,0
2000,3,6,18327,132.0,132.0,3.5,0,174.0,174.0,4.7,0,222.6,222.6,7.2,0,209.0,209.0,6.1,0,367.0,367.0,6.4,0
2000,3,7,18328,124.0,124.0,3.5,0,177.0,177.0,4.8,0,221.8,221.8,7.3,0,209.0,209.0,6.2,0,372.0,372.0,6.5,0
2000,3,8,18329,126.0,126.0,3.5,0,177.0,177.0,4.8,0,214.9,214.9,7.3,0,212.0,212.0,6.2,0,377.0,377.0,6.5,0
2000,3,9,18330,126.0,126.0,3.5,0,169.0,169.0,4.8,0,205.9,205.9,7.3,0,198.0,198.0,6.2,0,364.0,364.0,6.5,0
2000,3,10,18331,123.0,123.0,3.5,0,165.0,165.0,4.8,0,203.4,203.4,7.3,0,202.0,202.0,6.2,0,365.0,365.0,6.5,0
2000,3,11,18332,126.0,126.0,3.6,0,163.0,163.0,4.8,0,203.2,203.2,7.3,0,196.0,196.0,6.2,0,377.0,377.0,6.6,0
2000,3,12,18333,126.0,126.0,3.6,0,164.0,164.0,4.8,0,203.3,203.3,7.4,0,198.0,198.0,6.3,0,384.0,384.0,6.6,0
2000,3,13,18334,119.0,119.0,3.6,0,156.0,156.0,4.8,0,188.2,188.2,7.4,0,192.0,192.0,6.3,0,368.0,368.0,6.7,0
2000,3,14,18335,111.0,111.0,3.6,0,144.0,144.0,4.8,0,182.7,182.7,7.4,0,180.0,180.0,6.3,0,348.0,348.0,6.7,0
2000,3,15,18336,112.0,112.0,3.6,0,143.0,143.0,4.8,0,177.8,177.8,7.4,0,183.0,183.0,6.3,0,346.0,346.0,6.7,0
2000,3,16,18337,107.0,107.0,3.6,0,140.0,140.0,4.8,0,184.4,184.4,7.4,0,178.0,178.0,6.3,0,337.0,337.0,6.7,0
2000,3,17,18338,104.0,104.0,3.5,0,142.0,142.0,4.8,0,192.4,192.4,7.4,0,182.0,182.0,6.3,0,331.0,331.0,6.7,0
2000,3,18,18339,110.0,110.0,3.5,0,150.0,150.0,4.8,0,194.8,194.8,7.4,0,199.0,199.0,6.3,0,346.0,346.0,6.7,0
2000,3,19,18340,116.0,116.0,3.5,0,167.0,167.0,4.8,0,208.3,208.3,7.4,0,202.0,202.0,6.3,0,351.0,351.0,6.7,0
2000,3,20,18341,121.0,121.0,3.5,0,167.0,167.0,4.8,0,210.4,210.4,7.4,0,206.0,206.0,6.4,0,343.0,343.0,6.7,0
2000,3,21,18342,119.0,119.0,3.5,0,171.0,171.0,4.8,0,230.6,230.6,7.5,0,212.0,212.0,6.4,0,352.0,352.0,6.7,0
2000,3,22,18343,133.0,133.0,3.5,0,187.0,187.0,4.9,0,233.8,233.8,7.5,0,235.0,235.0,6.4,0,390.0,352.6,37.4,4
2000,3,23,18344,132.0,132.0,3.6,0,182.0,182.0,4.9,0,224.1,224.1,7.5,0,224.0,224.0,6.5,0,379.0,379.0,6.8,0
2000,3,24,18345,132.0,132.0,3.6,0,177.0,177.0,4.9,0,218.9,218.9,7.6,0,212.0,212.0,6.5,0,364.0,364.0,6.8,0
2000,3,25,18346,120.0,120.0,3.6,0,169.0,169.0,4.9,0,205.1,205.1,7.6,0,196.0,196.0,6.5,0,351.0,351.0,6.8,0
2000,3,26,18347,123.0,123.0,3.6,0,171.0,171.0,4.9,0,211.3,211.3,7.6,0,192.0,192.0,6.5,0,346.0,346.0,6.8,0
2000,3,27,18348,120.0,120.0,3.6,0,169.0,169.0,4.9,0,204.9,204.9,7.6,0,194.0,194.0,6.5,0,348.0,348.0,6.9,0
2000,3,28,18349,125.0,125.0,3.6,0,166.0,166.0,4.9,0,200.9,200.9,7.6,0,189.0,189.0,6.5,0,342.0,342.0,6.9,0
2000,3,29,18350,130.0,130.0,3.6,0,170.0,170.0,4.9,0,208.8,208.8,7.6,0,195.0,195.0,6.6,0,359.0,359.0,6.9,0
2000,3,30,18351,132.0,132.0,3.6,0,171.0,171.0,5.0,0,205.5,205.5,7.7,0,191.0,191.0,6.6,0,350.0,350.0,6.9,0
2000,3,31,18352,131.0,131.0,3.6,0,172.0,172.0,5.0,0,225.4,225.4,7.7,0,194.0,194.0,6.6,0,356.0,356.0,6.9,0
2000,4,1,18353,137.0,137.0,3.6,0,175.0,175.0,5.0,0,222.9,222.9,7.7,0,201.0,201.0,6.6,0,353.0,353.0,6.9,0
2000,4,2,18354,137.0,137.0,3.6,0,179.0,179.0,5.0,0,219.4,219.4,7.7,0,207.0,207.0,6.6,0,358.0,358.0,6.9,0
2000,4,3,18355,136.0,136.0,3.6,0,179.0,179.0,5.0,0,215.4,215.4,7.8,0,205.0,205.0,6.6,0,358.0,358.0,7.0,0
2000,4,4,18356,134.0,134.0,3.6,0,176.0,176.0,5.0,0,206.7,206.7,7.8,0,206.0,206.0,6.7,0,362.0,362.0,7.0,0
2000,4,5,18357,133.0,133.0,3.6,0,169.0,169.0,5.0,0,194.4,194.4,7.8,0,192.0,192.0,6.7,0,354.0,354.0,7.0,0
2000,4,6,18358,126.0,126.0,3.6,0,156.0,156.0,5.0,0,177.7,177.7,7.8,0,177.0,177.0,6.7,0,342.0,342.0,7.0,0
2000,4,7,18359,119.0,119.0,3.6,0,149.0,149.0,5.0,0,174.9,174.9,7.8,0,167.0,167.0,6.7,0,339.0,339.0,7.0,0
2000,4,8,18360,117.0,117.0,3.6,0,147.0,147.0,5.0,0,181.9,181.9,7.8,0,165.0,165.0,6.7,0,338.0,338.0,7.0,0
2000,4,9,18361,118.0,118.0,3.6,0,151.0,151.0,5.0,0,176.2,176.2,7.8,0,168.0,168.0,6.6,0,336.0,336.0,7.0,0
2000,4,10,18362,120.0,120.0,3.6,0,151.0,151.0,5.0,0,177.8,177.8,7.8,0,168.0,168.0,6.6,0,338.0,338.0,7.0,0
2000,4,11,18363,117.0,117.0,3.6,0,148.0,148.0,5.0,0,181.5,181.5,7.7,0,163.0,163.0,6.6,0,330.0,330.0,7.0,0
2000,4,12,18364,116.0,116.0,3.6,0,155.0,155.0,5.0,0,172.9,172.9,7.7,0,171.0,171.0,6.6,0,343.0,343.0,7.0,0
2000,4,13,18365,120.0,120.0,3.6,0,148.0,148.0,5.0,0,164.0,164.0,7.7,0,158.0,158.0,6.6,0,325.0,325.0,7.0,0
2000,4,14,18366,117.0,117.0,3.6,0,147.0,147.0,5.0,0,165.2,165.2,7.7,0,156.0,156.0,6.6,0,328.0,328.0,7.0,0
2000,4,15,18367,120.0,120.0,3.6,0,142.0,142.0,5.0,0,163.7,163.7,7.7,0,151.0,151.0,6.6,0,328.0,328.0,7.0,0
2000,4,16,18368,119.0,119.0,3.6,0,140.0,140.0,5.0,0,158.9,158.9,7.7,0,155.0,155.0,6.6,0,331.0,331.0,7.0,0
2000,4,17,18369,118.0,118.0,3.6,0,137.0,137.0,5.0,0,157.9,157.9,7.7,0,150.0,150.0,6.5,0,327.0,327.0,7.0,0
2000,4,18,18370,111.0,111.0,3.6,0,132.0,132.0,5.0,0,160.3,160.3,7.6,0,150.0,150.0,6.5,0,323.0,323.0,7.0,0
2000,4,19,18371,111.0,111.0,3.6,0,135.0,135.0,5.0,0,167.6,167.6,7.6,0,154.0,154.0,6.5,0,333.0,333.0,7.0,0
2000,4,20,18372,111.0,111.0,3.6,0,141.0,141.0,5.0,0,180.6,180.6,7.6,0,166.0,166.0,6.5,0,342.0,342.0,7.0,0
2000,4,21,18373,112.0,112.0,3.6,0,148.0,148.0,5.0,0,187.2,187.2,7.6,0,176.0,176.0,6.5,0,353.0,353.0,7.0,0
2000,4,22,18374,120.0,120.0,3.6,0,156.0,156.0,5.0,0,201.8,201.8,7.6,0,191.0,191.0,6.5,0,368.0,368.0,7.0,0
2000,4,23,18375,116.0,116.0,3.6,0,162.0,162.0,5.0,0,205.9,205.9,7.7,0,202.0,202.0,6.5,0,371.0,371.0,7.0,0
2000,4,24,18376,129.0,129.0,3.6,0,166.0,166.0,5.0,0,205.5,205.5,7.7,0,207.0,207.0,6.6,0,372.0,372.0,7.1,0
2000,4,25,18377,125.0,125.0,3.6,0,163.0,163.0,5.0,0,202.5,202.5,7.7,0,205.0,205.0,6.6,0,376.0,376.0,7.1,0
2000,4,26,18378,120.0,120.0,3.6,0,161.0,161.0,5.0,0,189.8,189.8,7.7,0,198.0,198.0,6.6,0,364.0,364.0,7.1,0
2000,4,27,18379,120.0,120.0,3.6,0,153.0,153.0,5.0,0,183.4,183.4,7.7,0,190.0,190.0,6.6,0,368.0,368.0,7.2,0
2000,4,28,18380,110.0,110.0,3.6,0,148.0,148.0,5.0,0,183.3,183.3,7.7,0,183.0,183.0,6.6,0,349.0,349.0,7.2,0
2000,4,29,18381,118.0,118.0,3.6,0,147.0,147.0,5.0,0,174.8,174.8,7.7,0,181.0,181.0,6.6,0,344.0,344.0,7.2,0
2000,4,30,18382,112.0,112.0,3.6,0,138.0,138.0,5.0,0,169.3,169.3,7.7,0,170.0,170.0,6.6,0,343.0,343.0,7.2,0
2000,5,1,18383,108.0,108.0,3.6,0,135.0,135.0,5.0,0,157.6,157.6,7.7,0,165.0,165.0,6.6,0,335.0,335.0,7.2,0
2000,5,2,18384,102.0,102.0,3.6,0,126.0,126.0,5.0,0,152.8,152.8,7.6,0,153.0,153.0,6.6,0,328.0,328.0,7.2,0
2000,5,3,18385,101.0,101.0,3.6,0,119.0,119.0,5.0,0,137.2,137.2,7.6,0,144.0,144.0,6.6,0,322.0,322.0,7.2,0
2000,5,4,18386,98.0,98.0,3.6,0,112.0,112.0,4.9,0,134.4,134.4,7.6,0,135.0,135.0,6.5,0,315.0,315.0,7.1,0
2000,5,5,18387,99.0,99.0,3.6,0,111.0,111.0,4.9,0,129.7,129.7,7.5,0,130.0,130.0,6.5,0,308.0,308.0,7.1,0
2000,5,6,18388,95.0,95.0,3.6,0,107.0,107.0,4.9,0,126.7,126.7,7.5,0,126.0,126.0,6.5,0,306.0,306.0,7.1,0
2000,5,7,18389,96.0,96.0,3.6,0,107.0,107.0,4.9,0,130.9,130.9,7.5,0,125.0,125.0,6.4,0,301.0,301.0,7.0,0
2000,5,8,18390,97.0,97.0,3.6,0,109.0,109.0,4.8,0,136.9,136.9,7.4,0,128.0,128.0,6.4,0,306.0,306.0,7.0,0
2000,5,9,18391,105.0,105.0,3.6,0,117.0,117.0,4.8,0,149.5,149.5,7.4,0,138.0,138.0,6.4,0,311.0,311.0,7.0,0
2000,5,10,18392,104.0,104.0,3.6,0,127.0,127.0,4.8,0,179.1,179.1,7.4,0,150.0,150.0,6.4,0,314.0,314.0,7.0,0
2000,5,11,18393,107.0,107.0,3.5,0,137.0,137.0,4.8,0,177.6,177.6,7.4,0,167.0,167.0,6.4,0,333.0,333.0,7.0,0
2000,5,12,18394,114.0,114.0,3.5,0,151.0,151.0,4.8,0,190.3,190.3,7.4,0,187.0,187.0,6.4,0,346.0,346.0,7.0,0
2000,5,13,18395,115.0,115.0,3.5,0,159.0,159.0,4.8,0,217.2,217.2,7.5,0,199.0,199.0,6.4,0,366.0,366.0,7.0,0
2000,5,14,18396,128.0,128.0,3.6,0,190.0,164.4,25.6,4,232.4,232.4,7.5,0,238.0,205.9,32.1,4,395.0,395.0,7.1,0
2000,5,15,18397,127.0,127.0,3.6,0,188.0,188.0,4.9,0,244.3,244.3,7.5,0,234.0,234.0,6.5,0,385.0,385.0,7.2,0
2000,5,16,18398,128.0,128.0,3.6,0,186.0,186.0,4.9,0,258.4,258.4,7.6,0,240.0,240.0,6.5,0,383.0,383.0,7.2,0
2000,5,17,18399,133.0,133.0,3.6,0,195.0,195.0,4.9,0,261.9,261.9,7.7,0,251.0,251.0,6.6,0,400.0,400.0,7.2,0
2000,5,18,18400,142.0,142.0,3.6,0,201.0,201.0,5.0,0,252.7,252.7,7.7,0,254.0,254.0,6.7,0,404.0,404.0,7.3,0
2000,5,19,18401,136.0,136.0,3.6,0,196.0,196.0,5.0,0,254.1,254.1,7.8,0,251.0,251.0,6.7,0,400.0,400.0,7.4,0
2000,5,20,18402,144.0,144.0,3.6,0,201.0,201.0,5.0,0,245.4,245.4,7.8,0,251.0,251.0,6.8,0,388.0,388.0,7.4,0
2000,5,21,18403,136.0,136.0,3.6,0,195.0,195.0,5.0,0,232.1,232.1,7.8,0,240.0,240.0,6.8,0,375.0,375.0,7.4,0
2000,5,22,18404,136.0,136.0,3.6,0,189.0,189.0,5.0,0,214.7,214.7,7.9,0,222.0,222.0,6.8,0,359.0,359.0,7.5,0
2000,5,23,18405,122.0,122.0,3.6,0,170.0,170.0,5.1,0,204.1,204.1,7.9,0,203.0,203.0,6.8,0,347.0,347.0,7.5,0
2000,5,24,18406,115.0,115.0,3.6,0,160.0,160.0,5.1,0,189.3,189.3,7.9,0,195.0,195.0,6.9,0,358.0,358.0,7.5,0
2000,5,25,18407,114.0,114.0,3.6,0,151.0,151.0,5.1,0,172.7,172.7,7.9,0,183.0,183.0,6.9,0,348.0,348.0,7.5,0
2000,5,26,18408,103.0,103.0,3.6,0,139.0,139.0,5.1,0,167.8,167.8,7.9,0,165.0,165.0,6.8,0,332.0,332.0,7.5,0
2000,5,27,18409,100.0,100.0,3.6,0,134.0,134.0,5.0,0,161.7,161.7,7.8,0,157.0,157.0,6.8,0,324.0,324.0,7.5,0
2000,5,28,18410,97.0,97.0,3.6,0,132.0,132.0,5.0,0,155.8,155.8,7.8,0,156.0,156.0,6.8,0,321.0,321.0,7.5,0
2000,5,29,18411,96.0,96.0,3.6,0,125.0,125.0,5.0,0,148.9,148.9,7.8,0,147.0,147.0,6.8,0,314.0,314.0,7.5,0
2000,5,30,18412,93.0,93.0,3.6,0,122.0,122.0,5.0,0,146.3,146.3,7.8,0,146.0,146.0,6.8,0,314.0,314.0,7.4,0
2000,5,31,18413,94.0,94.0,3.6,0,124.0,124.0,5.0,0,154.2,154.2,7.7,0,143.0,143.0,6.8,0,315.0,315.0,7.4,0
2000,6,1,18414,100.0,100.0,3.6,0,123.0,123.0,5.0,0,147.9,147.9,7.7,0,145.0,145.0,6.7,0,315.0,315.0,7.4,0
2000,6,2,18415,100.0,100.0,3.6,0,122.0,122.0,5.0,0,187.2,152.1,35.0,4,147.0,147.0,6.7,0,320.0,320.0,7.4,0
2000,6,3,18416,110.0,110.0,3.6,0,137.0,137.0,5.0,0,165.7,165.7,7.7,0,161.0,161.0,6.7,0,345.0,345.0,7.4,0
2000,6,4,18417,104.0,104.0,3.6,0,129.0,129.0,5.0,0,169.6,169.6,7.7,0,159.0,159.0,6.7,0,338.0,338.0,7.4,0
2000,6,5,18418,112.0,112.0,3.6,0,139.0,139.0,5.0,0,170.9,170.9,7.7,0,171.0,171.0,6.7,0,345.0,345.0,7.4,0
2000,6,6,18419,111.0,111.0,3.6,0,141.0,141.0,5.0,0,186.3,186.3,7.7,0,172.0,172.0,6.7,0,348.0,348.0,7.4,0
2000,6,7,18420,116.0,116.0,3.6,0,143.0,143.0,5.0,0,180.2,180.2,7.7,0,170.0,170.0,6.7,0,338.0,338.0,7.4,0
2000,6,8,18421,119.0,119.0,3.6,0,149.0,149.0,5.0,0,174.4,174.4,7.7,0,175.0,175.0,6.7,0,334.0,334.0,7.4,0
2000,6,9,18422,123.0,123.0,3.6,0,146.0,146.0,5.0,0,168.8,168.8,7.7,0,170.0,170.0,6.7,0,326.0,326.0,7.4,0
2000,6,10,18423,132.0,132.0,3.6,0,145.0,145.0,5.0,0,179.4,179.4,7.7,0,165.0,165.0,6.7,0,327.0,327.0,7.4,0
2000,6,11,18424,139.0,139.0,3.6,0,151.0,151.0,5.0,0,186.6,186.6,7.7,0,174.0,174.0,6.7,0,329.0,329.0,7.4,0
2000,6,12,18425,143.0,143.0,3.6,0,159.0,159.0,5.0,0,192.5,192.5,7.7,0,187.0,187.0,6.7,0,343.0,343.0,7.4,0
2000,6,13,18426,142.0,142.0,3.6,0,160.0,160.0,5.0,0,199.0,199.0,7.7,0,185.0,185.0,6.7,0,341.0,341.0,7.4,0
2000,6,14,18427,143.0,143.0,3.6,0,166.0,166.0,5.0,0,200.4,200.4,7.7,0,192.0,192.0,6.7,0,342.0,342.0,7.4,0
2000,6,15,18428,147.0,147.0,3.6,0,164.0,164.0,5.0,0,202.3,202.3,7.8,0,189.0,189.0,6.7,0,338.0,338.0,7.4,0
2000,6,16,18429,154.0,154.0,3.7,0,169.0,169.0,5.0,0,197.3,197.3,7.8,0,194.0,194.0,6.7,0,342.0,342.0,7.4,0
2000,6,17,18430,155.0,155.0,3.7,0,162.0,162.0,5.0,0,193.0,193.0,7.8,0,187.0,187.0,6.8,0,347.0,347.0,7.4,0
2000,6,18,18431,148.0,148.0,3.7,0,163.0,163.0,5.0,0,187.4,187.4,7.8,0,188.0,188.0,6.8,0,332.0,332.0,7.4,0
2000,6,19,18432,148.0,148.0,3.7,0,158.0,158.0,5.0,0,178.2,178.2,7.8,0,182.0,182.0,6.8,0,327.0,327.0,7.4,0
2000,6,20,18433,134.0,134.0,3.7,0,156.0,156.0,5.0,0,183.5,183.5,7.8,0,178.0,178.0,6.8,0,328.0,328.0,7.4,0
2000,6,21,18434,136.0,136.0,3.7,0,160.0,160.0,5.0,0,187.9,187.9,7.8,0,180.0,180.0,6.8,0,333.0,333.0,7.4,0
2000,6,22,18435,136.0,136.0,3.7,0,164.0,164.0,5.0,0,179.5,179.5,7.8,0,181.0,181.0,6.8,0,336.0,336.0,7.4,0
2000,6,23,18436,121.0,121.0,3.7,0,153.0,153.0,5.0,0,175.1,175.1,7.8,0,174.0,174.0,6.8,0,342.0,342.0,7.5,0
2000,6,24,18437,126.0,126.0,3.7,0,146.0,146.0,5.0,0,168.2,168.2,7.8,0,166.0,166.0,6.8,0,329.0,329.0,7.4,0
2000,6,25,18438,121.0,121.0,3.8,0,143.0,143.0,5.0,0,174.9,174.9,7.8,0,167.0,167.0,6.8,0,333.0,333.0,7.4,0
2000,6,26,18439,123.0,123.0,3.8,0,145.0,145.0,5.0,0,177.3,177.3,7.8,0,172.0,172.0,6.8,0,341.0,341.0,7.4,0
2000,6,27,18440,119.0,119.0,3.8,0,144.0,144.0,5.0,0,178.5,178.5,7.8,0,174.0,174.0,6.8,0,337.0,337.0,7.5,0
2000,6,28,18441,118.0,118.0,3.8,2,144.5,144.5,5.0,2,175.2,175.2,7.8,0,165.8,165.8,6.8,2,332.6,332.6,7.5,2
2000,6,29,18442,113.0,113.0,3.8,0,136.0,136.0,5.0,0,163.2,163.2,7.8,0,162.0,162.0,6.8,0,325.0,325.0,7.4,0
2000,6,30,18443,108.0,108.0,3.8,0,134.0,134.0,5.0,0,159.5,159.5,7.7,0,159.0,159.0,6.7,0,321.0,321.0,7.4,0
2000,7,1,18444,109.0,109.0,3.7,0,132.0,132.0,5.0,0,163.6,163.6,7.7,0,155.0,155.0,6.7,0,321.0,321.0,7.4,0
2000,7,2,18445,118.0,118.0,3.7,0,136.0,136.0,5.0,0,162.3,162.3,7.7,0,159.0,159.0,6.7,0,321.0,321.0,7.4,0
2000,7,3,18446,121.0,121.0,3.7,0,138.0,138.0,5.0,0,156.1,156.1,7.7,0,158.0,158.0,6.7,0,319.0,319.0,7.4,0
2000,7,4,18447,116.0,116.0,3.7,0,135.0,135.0,5.0,0,158.2,158.2,7.7,0,152.0,152.0,6.7,0,322.0,322.0,7.4,0
2000,7,5,18448,122.0,122.0,3.8,0,137.0,137.0,5.0,0,168.6,168.6,7.7,0,156.0,156.0,6.7,0,322.0,322.0,7.4,0
2000,7,6,18449,119.0,119.0,3.8,0,141.0,141.0,5.0,0,174.1,174.1,7.7,0,164.0,164.0,6.7,0,326.0,326.0,7.4,0
2000,7,7,18450,127.0,127.0,3.8,0,149.0,149.0,5.0,0,187.0,187.0,7.7,0,175.0,175.0,6.7,0,334.0,334.0,7.4,0
2000,7,8,18451,135.0,135.0,3.8,0,160.0,160.0,5.0,0,209.9,209.9,7.7,0,190.0,190.0,6.7,0,343.0,343.0,7.4,0
2000,7,9,18452,136.0,136.0,3.8,0,169.0,169.0,5.0,0,211.1,211.1,7.7,0,201.0,201.0,6.7,0,365.0,365.0,7.4,0
2000,7,10,18453,132.0,132.0,3.8,0,178.0,178.0,5.0,0,244.3,244.3,7.8,0,215.0,215.0,6.8,0,378.0,378.0,7.5,0
2000,7,11,18454,137.0,137.0,3.8,0,193.0,193.0,5.1,0,241.4,241.4,7.8,0,237.0,237.0,6.8,0,397.0,397.0,7.5,0
2000,7,12,18455,136.0,136.0,3.8,0,190.0,190.0,5.1,0,236.1,236.1,7.9,2,239.0,239.0,6.8,0,411.0,411.0,7.6,0
2000,7,13,18456,140.0,140.0,3.8,0,188.0,188.0,5.1,0,231.7,231.7,7.9,0,227.0,227.0,6.9,0,394.0,394.0,7.7,0
2000,7,14,18457,140.0,140.0,3.8,0,190.0,190.0,5.1,0,203.7,203.7,7.9,0,224.0,224.0,6.9,0,377.0,377.0,7.7,0
2000,7,15,18458,131.0,131.0,3.8,0,169.0,169.0,5.1,0,212.9,212.9,8.0,0,200.0,200.0,6.9,0,356.0,356.0,7.7,0
2000,7,16,18459,131.0,131.0,3.8,0,178.0,178.0,5.2,0,218.7,218.7,8.0,0,210.0,210.0,7.0,0,356.0,356.0,7.7,0
2000,7,17,18460,138.0,138.0,3.8,0,186.0,186.0,5.2,0,228.1,228.1,8.0,0,214.0,214.0,7.0,0,356.0,356.0,7.8,0
2000,7,18,18461,147.0,147.0,3.9,0,201.0,201.0,5.2,0,261.7,227.7,34.0,4,223.0,223.0,7.0,0,367.0,367.0,7.8,0
2000,7,19,18462,148.0,148.0,3.9,0,208.0,208.0,5.2,0,249.7,249.7,8.1,0,237.0,237.0,7.1,0,379.0,379.0,7.8,0
2000,7,20,18463,156.0,156.0,3.9,0,216.0,216.0,5.3,0,252.7,252.7,8.2,0,238.0,238.0,7.1,0,384.0,384.0,7.9,0
2000,7,21,18464,157.0,157.0,3.9,0,212.0,212.0,5.3,0,250.7,250.7,8.2,0,236.0,236.0,7.1,0,382.0,382.0,7.9,0
2000,7,22,18465,151.0,151.0,3.9,0,205.0,205.0,5.3,0,250.8,250.8,8.3,0,235.0,235.0,7.2,0,379.0,379.0,7.9,0
2000,7,23,18466,145.0,145.0,3.9,0,195.0,195.0,5.3,0,217.2,217.2,8.3,0,226.0,226.0,7.2,0,368.0,368.0,8.0,0
2000,7,24,18467,135.0,135.0,3.9,0,181.0,181.0,5.4,0,224.7,224.7,8.3,0,210.0,210.0,7.2,0,356.0,356.0,8.0,0
2000,7,25,18468,132.0,132.0,4.0,0,180.0,180.0,5.4,0,201.7,201.7,8.3,0,220.0,220.0,7.3,0,369.0,369.0,8.0,0
2000,7,26,18469,128.0,128.0,4.0,0,166.0,166.0,5.4,0,174.5,174.5,8.3,0,196.0,196.0,7.3,0,354.0,354.0,8.0,0
2000,7,27,18470,114.0,114.0,4.0,0,145.0,145.0,5.4,0,162.2,162.2,8.3,0,168.0,168.0,7.3,0,331.0,331.0,8.0,0
2000,7,28,18471,109.0,109.0,4.0,0,135.0,135.0,5.4,0,157.7,157.7,8.3,0,156.0,156.0,7.2,0,325.0,325.0,8.0,0
2000,7,29,18472,109.0,109.0,4.0,0,135.0,135.0,5.4,0,153.1,153.1,8.2,0,153.0,153.0,7.2,0,324.0,324.0,8.0,0
2000,7,30,18473,106.0,106.0,3.9,0,130.0,130.0,5.3,0,149.8,149.8,8.2,0,147.0,147.0,7.2,0,318.0,318.0,8.0,0
2000,7,31,18474,106.0,106.0,3.9,0,130.0,130.0,5.3,0,147.8,147.8,8.2,0,146.0,146.0,7.2,0,320.0,320.0,8.0,0
2000,8,1,18475,111.0,111.0,3.9,0,132.0,132.0,5.3,0,149.3,149.3,8.2,0,142.0,142.0,7.2,0,316.0,316.0,7.9,0
2000,8,2,18476,111.0,111.0,3.9,0,132.0,132.0,5.3,0,150.5,150.5,8.2,0,142.0,142.0,7.1,0,314.0,314.0,7.9,0
2000,8,3,18477,115.0,115.0,3.9,0,134.0,134.0,5.3,0,154.2,154.2,8.1,0,148.0,148.0,7.1,0,321.0,321.0,7.9,0
2000,8,4,18478,117.0,117.0,3.9,0,133.0,133.0,5.3,0,154.1,154.1,8.1,0,147.0,147.0,7.1,0,321.0,321.0,7.9,0
2000,8,5,18479,115.0,115.0,3.9,0,135.0,135.0,5.3,0,158.5,158.5,8.1,0,151.0,151.0,7.1,0,322.0,322.0,7.9,0
2000,8,6,18480,116.1,116.1,3.9,2,138.2,138.2,5.3,2,165.9,165.9,8.1,0,155.5,155.5,7.1,2,321.1,321.1,7.9,2
2000,8,7,18481,120.0,120.0,3.9,0,146.0,146.0,5.3,0,166.8,166.8,8.1,0,159.0,159.0,7.1,0,324.0,324.0,7.8,0
2000,8,8,18482,122.0,122.0,3.9,0,147.0,147.0,5.3,0,170.7,170.7,8.1,0,164.0,164.0,7.0,0,328.0,328.0,7.8,0
2000,8,9,18483,120.0,120.0,3.9,0,148.0,148.0,5.3,0,182.1,182.1,8.1,0,165.0,165.0,7.0,0,331.0,331.0,7.8,0
2000,8,10,18484,126.0,126.0,3.9,0,153.0,153.0,5.3,0,180.9,180.9,8.1,0,172.0,172.0,7.0,0,337.0,337.0,7.8,0
2000,8,11,18485,131.0,131.0,3.9,0,159.0,159.0,5.3,0,187.2,187.2,8.1,0,178.0,178.0,7.0,0,344.0,344.0,7.8,0
2000,8,12,18486,136.0,136.0,3.9,0,167.0,167.0,5.3,0,189.2,189.2,8.1,0,182.0,182.0,7.0,0,353.0,353.0,7.9,0
2000,8,13,18487,132.0,132.0,3.9,0,165.0,165.0,5.3,0,185.9,185.9,8.1,0,175.0,175.0,7.0,0,343.0,343.0,7.9,0
2000,8,14,18488,137.0,137.0,4.0,0,167.0,167.0,5.3,0,189.3,189.3,8.1,0,180.0,180.0,7.0,0,344.0,344.0,7.9,0
2000,8,15,18489,139.0,139.0,4.0,0,174.0,174.0,5.3,0,193.8,193.8,8.1,0,185.0,185.0,7.1,0,349.0,349.0,7.9,0
2000,8,16,18490,148.0,148.0,4.0,0,178.0,178.0,5.3,0,185.5,185.5,8.1,0,183.0,183.0,7.1,0,342.0,342.0,7.9,0
2000,8,17,18491,138.0,138.0,4.0,0,164.0,164.0,5.4,0,177.0,177.0,8.1,0,170.0,170.0,7.1,0,329.0,329.0,7.9,0
2000,8,18,18492,140.0,140.0,4.0,0,157.0,157.0,5.4,0,169.4,169.4,8.1,0,165.0,165.0,7.0,0,328.0,328.0,7.9,0
2000,8,19,18493,125.0,125.0,4.0,0,149.0,149.0,5.4,0,157.0,157.0,8.1,0,158.0,158.0,7.0,0,325.0,325.0,7.9,0
2000,8,20,18494,118.0,118.0,4.0,0,138.0,138.0,5.4,0,152.3,152.3,8.1,0,148.0,148.0,7.0,0,320.0,320.0,7.8,0
2000,8,21,18495,113.0,113.0,4.0,0,134.0,134.0,5.3,0,151.3,151.3,8.1,0,152.0,152.0,7.0,0,330.0,330.0,7.8,0
2000,8,22,18496,107.0,107.0,4.0,0,128.0,128.0,5.3,0,144.2,144.2,8.0,0,149.0,149.0,7.0,0,326.0,326.0,7.8,0
2000,8,23,18497,102.0,102.0,4.0,0,121.0,121.0,5.3,0,136.8,136.8,8.0,0,144.0,144.0,7.0,0,316.0,316.0,7.8,0
2000,8,24,18498,97.0,97.0,4.0,0,113.0,113.0,5.3,0,130.6,130.6,8.0,0,136.0,136.0,7.0,0,317.0,317.0,7.8,0
2000,8,25,18499,93.0,93.0,4.0,0,110.0,110.0,5.3,0,133.1,133.1,7.9,0,134.0,134.0,6.9,0,317.0,317.0,7.8,0
2000,8,26,18500,96.0,96.0,4.0,0,112.0,112.0,5.3,0,137.0,137.0,7.9,0,137.0,137.0,6.9,0,314.0,314.0,7.8,0
2000,8,27,18501,96.0,96.0,3.9,0,117.0,117.0,5.2,0,150.1,150.1,7.9,0,142.0,142.0,6.9,0,312.0,312.0,7.7,0
2000,8,28,18502,107.0,107.0,3.9,0,129.0,129.0,5.2,0,159.9,159.9,7.9,0,154.0,154.0,6.9,0,326.0,326.0,7.7,0
2000,8,29,18503,114.0,114.0,3.9,0,135.0,135.0,5.2,0,163.2,163.2,7.9,0,162.0,162.0,6.9,0,323.0,323.0,7.7,0
2000,8,30,18504,119.0,119.0,3.9,0,144.0,144.0,5.2,0,164.7,164.7,7.9,0,165.0,165.0,6.9,0,329.0,329.0,7.7,0
2000,8,31,18505,115.0,115.0,3.9,0,141.0,141.0,5.2,0,162.8,162.8,7.8,0,162.0,162.0,6.8,0,325.0,325.0,7.7,0
2000,9,1,18506,114.0,114.0,3.9,0,137.0,137.0,5.2,0,157.6,157.6,7.8,0,154.0,154.0,6.8,0,322.0,322.0,7.7,0
2000,9,2,18507,119.0,119.0,3.9,0,140.0,140.0,5.2,0,153.9,153.9,7.8,0,156.0,156.0,6.8,0,324.0,324.0,7.7,0
2000,9,3,18508,124.0,124.0,3.9,0,135.0,135.0,5.2,0,154.0,154.0,7.8,0,150.0,150.0,6.8,0,321.0,321.0,7.7,0
2000,9,4,18509,117.0,117.0,3.9,0,134.0,134.0,5.2,0,170.7,170.7,7.8,0,147.0,147.0,6.8,0,322.0,322.0,7.7,0
2000,9,5,18510,125.0,125.0,3.9,0,151.0,151.0,5.2,0,180.1,180.1,7.8,0,177.0,146.5,30.5,4,348.0,348.0,7.7,0
2000,9,6,18511,124.0,124.0,3.9,0,151.0,151.0,5.2,0,178.7,178.7,7.8,0,177.0,177.0,6.8,0,344.0,344.0,7.7,0
2000,9,7,18512,122.0,122.0,3.9,0,149.0,149.0,5.2,0,173.1,173.1,7.8,0,170.0,170.0,6.8,0,338.0,338.0,7.7,0
2000,9,8,18513,123.0,123.0,3.9,0,149.0,149.0,5.2,0,163.3,163.3,7.8,0,165.0,165.0,6.8,0,336.0,336.0,7.7,0
2000,9,9,18514,120.0,120.0,3.9,0,139.0,139.0,5.2,0,150.8,150.8,7.8,0,155.0,155.0,6.8,0,331.0,331.0,7.7,0
2000,9,10,18515,120.0,120.0,4.0,0,132.0,132.0,5.2,0,140.6,140.6,7.8,0,146.0,146.0,6.8,0,325.0,325.0,7.7,0
2000,9,11,18516,113.0,113.0,3.9,0,121.0,121.0,5.2,0,134.9,134.9,7.7,0,137.0,137.0,6.8,0,315.0,315.0,7.7,0
2000,9,12,18517,110.0,110.0,3.9,0,118.0,118.0,5.2,0,132.5,132.5,7.7,0,133.0,133.0,6.7,0,306.0,306.0,7.6,0
2000,9,13,18518,112.0,112.0,3.9,0,115.0,115.0,5.2,0,133.2,133.2,7.7,0,131.0,131.0,6.7,0,308.0,308.0,7.6,0
2000,9,14,18519,109.0,109.0,3.9,0,117.0,117.0,5.2,0,150.8,150.8,7.7,0,137.0,137.0,6.7,0,313.0,313.0,7.6,0
2000,9,15,18520,110.0,110.0,3.9,0,128.0,128.0,5.1,0,159.3,159.3,7.7,0,160.0,160.0,6.7,0,331.0,331.0,7.6,0
2000,9,16,18521,109.0,109.0,3.9,0,136.0,136.0,5.1,0,174.6,174.6,7.7,0,168.0,168.0,6.7,0,327.0,327.0,7.6,0
2000,9,17,18522,109.0,109.0,3.9,0,142.0,142.0,5.1,0,181.4,181.4,7.7,0,179.0,179.0,6.7,0,340.0,340.0,7.6,0
2000,9,18,18523,109.0,109.0,3.9,0,151.0,151.0,5.1,0,203.8,203.8,7.7,0,197.0,197.0,6.7,0,356.0,356.0,7.6,0
2000,9,19,18524,115.0,115.0,3.9,0,163.0,163.0,5.2,0,207.0,207.0,7.7,0,223.0,223.0,6.8,0,375.0,375.0,7.6,0
2000,9,20,18525,113.0,113.0,3.9,0,160.0,160.0,5.2,0,211.4,211.4,7.8,0,225.0,225.0,6.8,0,371.0,371.0,7.7,0
2000,9,21,18526,122.0,122.0,3.9,0,165.0,165.0,5.2,0,225.0,225.0,7.8,0,237.0,237.0,6.8,0,376.0,376.0,7.7,0
2000,9,22,18527,122.0,122.0,3.9,0,171.0,171.0,5.2,0,232.2,232.2,7.8,0,247.0,247.0,6.9,0,376.0,376.0,7.7,0
2000,9,23,18528,120.0,120.0,3.9,0,177.0,177.0,5.2,0,225.2,225.2,7.9,0,250.0,250.0,6.9,0,382.0,382.0,7.8,0
2000,9,24,18529,129.0,129.0,3.9,0,182.0,182.0,5.2,0,224.5,224.5,7.9,0,252.0,252.0,7.0,0,367.0,367.0,7.8,0
2000,9,25,18530,134.0,134.0,3.9,0,182.0,182.0,5.2,0,225.6,225.6,7.9,0,242.0,242.0,7.0,0,368.0,368.0,7.8,0
2000,9,26,18531,132.0,132.0,3.9,0,175.0,175.0,5.2,0,223.6,223.6,8.0,0,231.0,231.0,7.1,0,364.0,364.0,7.8,0
2000,9,27,18532,132.0,132.0,4.0,0,174.0,174.0,5.3,0,204.6,204.6,8.0,0,227.0,227.0,7.1,0,370.0,370.0,7.9,0
2000,9,28,18533,126.0,126.0,4.0,0,162.0,162.0,5.3,0,202.3,202.3,8.0,0,206.0,206.0,7.1,0,360.0,360.0,7.9,0
2000,9,29,18534,129.0,129.0,4.0,0,157.0,157.0,5.3,0,192.0,192.0,8.0,0,195.0,195.0,7.2,0,356.0,356.0,7.9,0
2000,9,30,18535,145.0,127.2,17.8,4,159.0,159.0,5.3,0,193.5,193.5,8.0,0,186.0,186.0,7.2,0,359.0,359.0,7.9,0
2000,10,1,18536,138.0,138.0,4.0,0,163.0,163.0,5.3,0,201.5,201.5,8.0,0,185.0,185.0,7.2,0,358.0,358.0,7.9,0
2000,10,2,18537,147.0,147.0,4.0,0,167.0,167.0,5.3,0,202.6,202.6,8.1,0,188.0,188.0,7.2,0,359.0,359.0,8.0,0
2000,10,3,18538,141.0,141.0,4.0,0,166.0,166.0,5.3,0,192.0,192.0,8.1,0,188.0,188.0,7.2,0,354.0,354.0,8.0,0
2000,10,4,18539,135.0,135.0,4.0,0,164.0,164.0,5.3,0,184.1,184.1,8.1,0,181.0,181.0,7.2,0,349.0,349.0,8.0,0
2000,10,5,18540,136.0,136.0,4.0,0,158.0,158.0,5.3,0,173.8,173.8,8.1,0,170.0,170.0,7.2,0,343.0,343.0,8.0,0
2000,10,6,18541,125.0,125.0,4.0,0,146.0,146.0,5.3,0,158.1,158.1,8.1,0,157.0,157.0,7.2,0,336.0,336.0,8.0,0
2000,10,7,18542,127.0,127.0,4.0,0,141.0,141.0,5.3,0,155.6,155.6,8.0,0,155.0,155.0,7.2,0,333.0,333.0,8.0,0
2000,10,8,18543,116.0,116.0,4.0,0,132.0,132.0,5.3,0,148.9,148.9,8.0,0,147.0,147.0,7.2,0,329.0,329.0,8.0,0
2000,10,9,18544,117.0,117.0,4.0,0,125.0,125.0,5.3,0,140.8,140.8,8.0,0,140.0,140.0,7.1,0,326.0,326.0,7.9,0
2000,10,10,18545,113.0,113.0,4.0,0,130.0,130.0,5.3,0,139.6,139.6,8.0,0,144.0,144.0,7.1,0,333.0,333.0,7.9,0
2000,10,11,18546,111.0,111.0,4.0,0,124.0,124.0,5.3,0,151.4,151.4,8.0,0,143.0,143.0,7.1,0,332.0,332.0,7.9,0
2000,10,12,18547,111.0,111.0,4.0,0,129.0,129.0,5.3,0,162.7,162.7,7.9,0,148.0,148.0,7.0,0,332.0,332.0,7.9,0
2000,10,13,18548,115.0,115.0,4.0,0,140.0,140.0,5.3,0,168.1,168.1,7.9,0,161.0,161.0,7.0,0,347.0,347.0,7.9,0
2000,10,14,18549,116.0,116.0,4.0,0,147.0,147.0,5.3,0,163.2,163.2,7.9,0,166.0,166.0,7.0,0,347.0,347.0,7.9,0
2000,10,15,18550,116.0,116.0,4.0,0,144.0,144.0,5.3,0,161.1,161.1,7.9,0,159.0,159.0,7.0,0,341.0,341.0,7.9,0
2000,10,16,18551,113.0,113.0,4.0,0,142.0,142.0,5.3,0,160.9,160.9,7.9,0,156.0,156.0,7.0,0,342.0,342.0,7.9,0
2000,10,17,18552,115.0,115.0,4.0,0,140.0,140.0,5.3,0,154.2,154.2,7.9,0,155.0,155.0,7.0,0,338.0,338.0,7.9,0
2000,10,18,18553,112.0,112.0,4.0,0,135.0,135.0,5.2,0,151.1,151.1,7.9,0,146.0,146.0,7.0,0,324.0,324.0,7.9,0
2000,10,19,18554,116.0,116.0,4.0,0,135.0,135.0,5.3,0,157.9,157.9,7.9,0,146.0,146.0,7.0,0,327.0,327.0,7.9,0
2000,10,20,18555,120.0,120.0,4.0,0,139.0,139.0,5.2,0,160.8,160.8,7.8,0,151.0,151.0,7.0,0,328.0,328.0,7.9,0
2000,10,21,18556,121.0,121.0,4.0,0,140.0,140.0,5.2,0,158.1,158.1,7.8,0,149.0,149.0,6.9,0,324.2,324.2,7.8,2
2000,10,22,18557,122.0,122.0,4.0,0,147.0,147.0,5.2,0,160.3,160.3,7.8,0,156.0,156.0,6.9,0,324.6,324.6,7.8,2
2000,10,23,18558,127.0,127.0,4.0,0,143.0,143.0,5.2,0,166.6,166.6,7.8,0,159.0,159.0,6.9,0,333.0,333.0,7.8,0
2000,10,24,18559,122.0,122.0,4.0,0,142.0,142.0,5.2,0,159.3,159.3,7.8,0,156.0,156.0,6.9,0,331.0,331.0,7.8,0
2000,10,25,18560,122.0,122.0,4.0,0,141.0,141.0,5.2,0,164.0,164.0,7.8,0,154.0,154.0,6.9,0,330.0,330.0,7.8,0
2000,10,26,18561,119.0,119.0,4.0,0,144.0,144.0,5.2,0,171.1,171.1,7.8,0,156.0,156.0,6.9,0,333.0,333.0,7.8,0
2000,10,27,18562,119.0,119.0,4.0,0,148.0,148.0,5.2,0,176.0,176.0,7.8,0,165.0,165.0,6.9,0,337.0,337.0,7.8,0
2000,10,28,18563,123.0,123.0,4.0,0,153.0,153.0,5.2,0,182.2,182.2,7.8,0,171.0,171.0,6.9,0,350.0,350.0,7.8,0
2000,10,29,18564,129.0,129.0,4.0,0,162.0,162.0,5.2,0,187.2,187.2,7.8,0,184.0,184.0,6.9,0,357.0,357.0,7.8,0
2000,10,30,18565,130.0,130.0,4.0,0,163.0,163.0,5.3,0,193.8,193.8,7.8,0,181.0,181.0,6.9,0,346.0,346.0,7.8,0
2000,10,31,18566,121.0,121.0,4.0,0,169.0,169.0,5.3,0,193.4,193.4,7.8,0,179.0,179.0,6.9,0,347.0,347.0,7.8,0
2000,11,1,18567,126.0,126.0,4.0,0,171.0,171.0,5.3,0,204.4,204.4,7.9,0,171.0,171.0,6.9,0,346.0,346.0,7.8,0
2000,11,2,18568,145.0,124.8,20.1,4,179.0,179.0,5.3,0,196.4,196.4,7.9,0,178.0,178.0,6.9,0,354.0,354.0,7.8,0
2000,11,3,18569,149.0,149.0,4.0,0,179.0,179.0,5.3,0,198.8,198.8,7.9,0,177.0,177.0,6.9,0,352.0,352.0,7.8,0
2000,11,4,18570,154.0,154.0,4.1,0,182.0,182.0,5.3,0,194.8,194.8,7.9,0,184.0,184.0,6.9,0,354.0,354.0,7.8,0
2000,11,5,18571,146.0,146.0,4.1,0,178.0,178.0,5.3,0,186.4,186.4,7.9,0,181.0,181.0,6.9,0,360.0,360.0,7.8,0
2000,11,6,18572,140.0,140.0,4.1,0,163.0,163.0,5.3,0,178.2,178.2,7.9,0,168.0,168.0,6.9,0,350.0,350.0,7.8,0
2000,11,7,18573,138.0,138.0,4.1,0,161.0,161.0,5.4,0,180.0,180.0,7.9,0,169.0,169.0,6.9,0,350.0,350.0,7.8,0
2000,11,8,18574,123.0,123.0,4.1,0,155.0,155.0,5.4,0,172.8,172.8,7.9,0,171.0,171.0,6.9,0,353.0,353.0,7.9,0
2000,11,9,18575,136.0,119.2,16.8,4,162.0,162.0,5.4,0,166.3,166.3,7.9,0,177.0,177.0,6.9,0,366.0,366.0,7.9,0
2000,11,10,18576,115.0,115.0,4.1,0,140.0,140.0,5.4,0,153.5,153.5,7.9,0,156.0,156.0,6.9,0,344.0,344.0,7.9,0
2000,11,11,18577,113.0,113.0,4.1,0,128.0,128.0,5.3,0,149.7,149.7,7.9,0,145.0,145.0,6.9,0,331.0,331.0,7.9,0
2000,11,12,18578,106.0,106.0,4.1,0,125.0,125.0,5.3,0,146.7,146.7,7.8,0,143.0,143.0,6.9,0,329.0,329.0,7.8,0
2000,11,13,18579,106.0,106.0,4.1,0,122.0,122.0,5.3,0,143.7,143.7,7.8,0,142.0,142.0,6.8,0,328.0,328.0,7.8,0
2000,11,14,18580,99.0,99.0,4.1,0,122.0,122.0,5.3,0,148.7,148.7,7.8,0,143.0,143.0,6.8,0,329.0,329.0,7.8,0
2000,11,15,18581,106.0,106.0,4.1,0,127.0,127.0,5.3,0,146.5,146.5,7.8,0,148.0,148.0,6.8,0,332.0,332.0,7.8,0
2000,11,16,18582,120.0,120.0,4.0,0,128.0,128.0,5.3,0,154.2,154.2,7.8,0,149.0,149.0,6.8,0,327.0,327.0,7.8,0
2000,11,17,18583,133.0,133.0,4.1,0,134.0,134.0,5.3,0,163.4,163.4,7.8,0,151.0,151.0,6.8,0,328.0,328.0,7.8,0
2000,11,18,18584,108.0,108.0,4.1,0,141.0,141.0,5.3,0,177.1,177.1,7.8,0,161.0,161.0,6.8,0,328.0,328.0,7.7,0
2000,11,19,18585,119.0,119.0,4.1,0,152.0,152.0,5.3,0,174.9,174.9,7.8,0,172.0,172.0,6.8,0,342.0,342.0,7.8,0
2000,11,20,18586,137.0,119.7,17.3,4,159.0,159.0,5.3,0,173.9,173.9,7.8,0,178.0,178.0,6.8,0,343.0,343.0,7.7,0
2000,11,21,18587,130.0,130.0,4.1,0,157.0,157.0,5.3,0,185.6,185.6,7.8,0,169.0,169.0,6.8,0,341.0,341.0,7.7,0
2000,11,22,18588,133.0,133.0,4.1,0,160.0,160.0,5.3,0,195.1,195.1,7.8,0,172.0,172.0,6.8,0,343.0,343.0,7.7,0
2000,11,23,18589,146.0,146.0,4.1,0,175.0,175.0,5.3,0,205.4,205.4,7.8,0,189.0,189.0,6.8,0,363.0,363.0,7.8,0
2000,11,24,18590,146.0,146.0,4.1,0,176.0,176.0,5.3,0,197.3,197.3,7.8,0,193.0,193.0,6.8,0,368.0,368.0,7.8,0
2000,11,25,18591,149.0,149.0,4.1,0,181.0,181.0,5.3,0,202.4,202.4,7.8,0,205.0,205.0,6.8,0,381.0,381.0,7.8,0
2000,11,26,18592,151.0,151.0,4.1,0,171.0,171.0,5.3,0,202.4,202.4,7.8,0,186.0,186.0,6.8,0,369.0,369.0,7.8,0
2000,11,27,18593,157.0,157.0,4.1,0,173.0,173.0,5.3,0,191.8,191.8,7.8,0,186.0,186.0,6.8,0,373.0,373.0,7.8,0
2000,11,28,18594,144.0,144.0,4.1,0,174.0,174.0,5.4,0,195.7,195.7,7.9,0,188.0,188.0,6.8,0,357.0,357.0,7.8,0
2000,11,29,18595,141.0,141.0,4.2,0,173.0,173.0,5.4,0,188.5,188.5,7.9,0,186.0,186.0,6.8,0,360.0,360.0,7.8,0
2000,11,30,18596,139.0,139.0,4.2,0,167.0,167.0,5.4,0,192.4,192.4,7.9,0,182.0,182.0,6.8,0,352.0,352.0,7.8,0
2000,12,1,18597,129.0,129.0,4.2,0,162.0,162.0,5.4,0,184.6,184.6,7.9,0,173.0,173.0,6.8,0,353.0,353.0,7.8,0
2000,12,2,18598,130.0,130.0,4.2,0,152.0,152.0,5.4,0,167.1,167.1,7.9,0,162.0,162.0,6.8,0,345.0,345.0,7.9,0
2000,12,3,18599,120.0,120.0,4.2,0,141.0,141.0,5.4,0,163.7,163.7,7.9,0,153.0,153.0,6.8,0,342.0,342.0,7.8,0
2000,12,4,18600,118.0,118.0,4.2,0,133.0,133.0,5.4,0,152.1,152.1,7.8,0,149.0,149.0,6.8,0,329.0,329.0,7.8,0
2000,12,5,18601,99.0,99.0,4.1,0,126.0,126.0,5.3,0,147.1,147.1,7.8,0,144.0,144.0,6.8,0,336.0,336.0,7.8,0
2000,12,6,18602,107.0,107.0,4.1,0,122.0,122.0,5.3,0,141.2,141.2,7.8,0,144.0,144.0,6.8,0,330.0,330.0,7.8,0
2000,12,7,18603,101.0,101.0,4.1,0,117.0,117.0,5.3,0,144.3,144.3,7.8,0,139.0,139.0,6.7,0,323.0,323.0,7.8,0
2000,12,8,18604,100.0,100.0,4.1,0,118.0,118.0,5.3,0,138.3,138.3,7.8,0,143.0,143.0,6.7,0,334.0,334.0,7.8,0
2000,12,9,18605,100.0,100.0,4.1,0,115.0,115.0,5.3,0,134.9,134.9,7.7,0,137.0,137.0,6.7,0,329.0,329.0,7.7,0
2000,12,10,18606,90.0,90.0,4.1,0,114.0,114.0,5.3,0,146.7,146.7,7.7,0,136.0,136.0,6.7,0,327.0,327.0,7.7,0
2000,12,11,18607,101.0,101.0,4.1,0,118.0,118.0,5.2,0,143.7,143.7,7.7,0,135.0,135.0,6.6,0,321.0,321.0,7.7,0
2000,12,12,18608,101.0,101.0,4.1,0,128.0,128.0,5.2,0,149.9,149.9,7.7,0,144.0,144.0,6.6,0,318.0,318.0,7.7,0
2000,12,13,18609,104.0,104.0,4.0,0,129.0,129.0,5.2,0,164.7,164.7,7.6,0,145.0,145.0,6.6,0,322.0,322.0,7.6,0
2000,12,14,18610,106.0,106.0,4.0,0,144.0,144.0,5.2,0,182.3,182.3,7.7,0,156.0,156.0,6.6,0,327.0,327.0,7.6,0
2000,12,15,18611,121.0,121.0,4.0,0,152.0,152.0,5.2,0,187.9,187.9,7.7,0,165.0,165.0,6.6,0,333.0,333.0,7.6,0
2000,12,16,18612,121.0,121.0,4.0,0,156.9,156.9,5.2,2,190.6,190.6,7.7,0,166.0,166.0,6.6,0,343.0,343.0,7.6,0
2000,12,17,18613,136.0,136.0,4.0,0,160.8,160.8,5.2,2,196.8,196.8,7.7,0,178.0,178.0,6.6,0,359.0,359.0,7.6,0
2000,12,18,18614,139.0,139.0,4.0,0,172.0,172.0,5.2,0,198.1,198.1,7.7,0,180.0,180.0,6.6,0,365.0,365.0,7.6,0
2000,12,19,18615,132.0,132.0,4.0,0,171.0,171.0,5.2,0,198.7,198.7,7.7,0,186.0,186.0,6.6,0,371.0,371.0,7.7,0
2000,12,20,18616,141.0,141.0,4.1,0,173.0,173.0,5.3,0,201.4,201.4,7.7,0,187.0,187.0,6.6,0,366.0,366.0,7.7,0
2000,12,21,18617,147.0,147.0,4.1,0,174.0,174.0,5.3,0,194.6,194.6,7.7,0,190.0,190.0,6.6,0,368.0,368.0,7.7,0
2000,12,22,18618,158.0,158.0,4.1,0,169.0,169.0,5.3,0,190.1,190.1,7.8,0,182.0,182.0,6.6,0,359.0,359.0,7.7,0
2000,12,23,18619,152.0,152.0,4.1,0,171.0,171.0,5.3,0,191.1,191.1,7.8,0,188.0,188.0,6.6,0,367.0,367.0,7.7,0
2000,12,24,18620,132.0,132.0,4.1,0,166.0,166.0,5.3,0,193.2,193.2,7.8,0,186.0,186.0,6.7,0,359.0,359.0,7.7,0
2000,12,25,18621,129.0,129.0,4.1,0,165.0,165.0,5.3,0,187.2,187.2,7.8,0,184.0,184.0,6.7,0,343.0,343.0,7.7,0
2000,12,26,18622,136.0,136.0,4.1,0,162.0,162.0,5.3,0,188.9,188.9,7.8,0,181.0,181.0,6.7,0,339.0,339.0,7.7,0
2000,12,27,18623,142.0,142.0,4.1,0,159.0,159.0,5.3,0,187.7,187.7,7.8,0,180.0,180.0,6.7,0,341.0,341.0,7.7,0
2000,12,28,18624,137.0,137.0,4.1,0,163.0,163.0,5.3,0,185.6,185.6,7.8,0,184.0,184.0,6.7,0,364.0,364.0,7.7,0
2000,12,29,18625,142.0,142.0,4.1,0,163.0,163.0,5.3,0,181.6,181.6,7.8,0,188.0,188.0,6.7,0,359.0,359.0,7.7,0
2000,12,30,18626,128.0,128.0,4.1,0,153.0,153.0,5.3,0,182.3,182.3,7.8,0,177.0,177.0,6.7,0,352.0,352.0,7.7,0
2000,12,31,18627,137.0,137.0,4.1,0,150.0,150.0,5.3,0,169.6,169.6,7.8,0,175.0,175.0,6.7,0,350.0,350.0,7.7,0
